noPermis,nomClient,prenomClient,adresseClient,villeClient,cpClient,paysClient,telephoneClient,mailClient
67454398,Beahan,Ashleigh,1747 Adell Avenue,East Deionburgh,72326,Syria,3430387625,Vada@jay.us
74323363,Connelly,Weston,80069 Cydney Haven,East Florence,98701,Ukraine,4879109630,Jazlyn_Predovic@madeline.biz
48003869,Macejkovic,Brandy,4718 Mack Stravenue,Port Joesph,47193,New Caledonia,9330627026,Friedrich@isaiah.co.uk
56101060,Johnston,Nayeli,604 Zulauf Tunnel,South Lavinachester,09856-8175,Ireland,7316111024,Angelina_Schaefer@neha.com
60770453,Ryan,Libby,928 Berge Mission,North Ardithberg,10518-7297,Cayman Islands,7054766185,Gisselle@carlos.tv
62576410,Schumm,Eino,24900 Schmeler Shoals,Lake Kasandraview,55308,Uganda,8345017528,Nettie.Ullrich@joelle.co.uk
29901240,Bartoletti,Maximilian,42758 Wisozk Wells,West Danteland,43368,Nauru,1400563813,Kylie_Okuneva@loren.io
81344269,Bednar,Donato,911 Garrick Mountains,Bergnaumville,61108-9590,Bhutan,2412711285,Randall@kiera.biz
54827006,Jenkins,Kole,1228 Pollich Parks,South Reva,75934-5501,Bolivia,8922291051,Sterling_Goodwin@ruthie.biz
97938617,Hegmann,Misael,75709 Gibson Field,Fisherville,21371,Vanuatu,8603920330,Fleta_Daugherty@helmer.tv
37497384,Reinger,Gloria,33387 Joelle Prairie,Mullerstad,50041,Zambia,4460405125,Jamison_Franecki@larue.name
57448877,Bergnaum,Charles,8003 Agustina Ports,Lake Humbertoside,88798-4797,Argentina,1482044020,Giovani.Predovic@westley.us
50612960,Crist,Tyler,08883 Lonzo Point,Wuckertton,65605,People's Democratic Republic of Yemen,9016112396,Rosella_Flatley@dane.us
71686161,Hickle,Khalid,70811 Tyrell Motorway,New Misaeltown,55348,Netherlands,8780826190,Joyce@derick.com
24669221,King,Mohamed,436 Susana Plains,South Margaretta,45716-3901,Turkey,5059081902,Corine.Erdman@louie.com
56276424,Toy,Brayan,4118 Winona Ford,Aaliyahtown,47925,French Southern and Antarctic Territories,5155009259,Gunner_Lueilwitz@gianni.me
26294743,Beahan,Brain,2132 Minnie Lock,Starkmouth,59422,Cameroon,7632007779,Evie@whitney.com
79936520,Hettinger,Maegan,1879 Pollich Corners,Lake Kane,10082-4010,Albania,4090463283,Monte.Torphy@irving.biz
92147950,Herman,Garrison,4658 Kozey Valley,Bretville,15181,Sierra Leone,5034002317,Cicero@julio.com
78141999,Doyle,Myrtle,750 Missouri Wells,Gleasonfort,93856-9147,Guatemala,3754563920,Magnus_Jewess@skyla.co.uk
20270341,Jerde,Ludie,37474 Jovanny Divide,VonRuedenburgh,59059,Finland,6310348905,Wilbert@consuelo.net
13018046,Monahan,Telly,5268 Lowe Flat,West Gina,25095,Swaziland,3231969672,Lenora@ansley.net
76813863,Tremblay,Martine,98466 Rolfson Crescent,Bergeberg,21611,Liechtenstein,6579422629,Magnolia.Brekke@gretchen.tv
79241833,Koch,Mortimer,3988 Windler View,North Carmenport,31122,North Korea,1162454019,Narciso@carmine.io
29624665,Collins,Darwin,265 Lukas Knoll,Hayleymouth,82548-8682,Ireland,4723819693,Montana.Huels@bo.me
17537791,Trantow,Waino,64065 Daphnee Route,Lake Josiane,22161,Ghana,4344533372,Dee@erich.org
41080660,Keeling,Tina,407 Raymundo Mall,East Bulah,95206-3199,Peru,7973032804,Valentin@cassandra.us
67672095,Heller,Sasha,966 Jermaine Drive,West Cristobal,26307-6807,Pitcairn Islands,3951046909,Ari@sylvan.name
32433694,Nicolas,Damon,080 O'Keefe Lights,West Edmund,70048-0122,Colombia,4419554193,Anne@camille.io
64161988,Haag,Lenny,4024 Treutel Prairie,Reichelside,74896-8718,Mongolia,5074643152,Shaylee@mabelle.info
53796805,Connelly,Berniece,72030 Diana Burgs,Thompsonville,42999-3998,South Georgia and the South Sandwich Islands,6090652995,Deshaun@robert.biz
14056013,Haag,Ericka,640 Jolie Mountains,Port Americo,00252-6864,U.S. Virgin Islands,8209863428,Katlyn@lon.io
64696982,Predovic,Elvera,6255 Von Trail,Kozeytown,15107,Libya,6937366516,Jena.Wiegand@buck.biz
12716701,Turcotte,Lennie,2703 Murazik Curve,West Itzelview,63433-7307,Syria,4301227518,Jacky_Doyle@dario.me
21937861,Lemke,Crystal,91164 Osinski Locks,Port Milanshire,98772-5119,Israel,3158705892,Brock_Kshlerin@leonie.me
28251736,McKenzie,Dorris,47491 Dicki Islands,Port Madyson,91266,Tuvalu,9012642251,Nicklaus.Guann@brenda.com
67338647,Klocko,Gage,6751 Idell Drives,New Haileyton,39464-2473,Senegal,9204944464,Nelda.Ledner@rahul.io
43552756,Feest,Wilbert,34165 Melody Road,Faymouth,73049,Johnston Island,9896499644,Jean_Kuhic@kiarra.ca
98819549,Rogahn,Eula,265 Laverne Tunnel,Alycefort,75337,Algeria,1579840964,Eula@sally.us
60480783,Stiedemann,Mable,88737 Bernhard Extensions,South Christelle,68548,Falkland Islands,8045751342,Raymond@selina.ca
26845455,Stiedemann,Antonietta,91069 Felicita Place,Wuckertland,21829,Pacific Islands Trust Territory,2132705222,Seth_Hettinger@enrico.biz
37094338,Leannon,Estrella,9861 Floyd Port,Ladariusside,58283-3473,Pacific Islands Trust Territory,6155550470,Destin@benny.co.uk
68060705,Cormier,Retta,957 Heaney Ridge,South Angie,31839,Turks and Caicos Islands,1820270066,Jarrell.Johns@graham.com
91313400,Volkman,Toy,406 GuÂªann Isle,Gottliebchester,73364-8258,Tunisia,5585815330,Matt_Grady@virginia.co.uk
14969728,Deckow,Bernie,09273 Niko Circle,Klingport,85494-3961,Paraguay,4365432261,Winona@geraldine.org
70128173,Kirlin,Vicenta,351 Reid Land,West Cathy,28566,United Kingdom,6756518309,Eleanora@dorthy.info
58738452,Murazik,Kasandra,78091 Rempel Villages,Boscoborough,63020-8224,Egypt,6541756878,Carrie_Lakin@willie.net
59481794,D'Amore,Theodora,092 Gibson Bridge,Kubstad,78110-6892,Bermuda,9868839736,Fausto@micah.co.uk
77121510,Carter,Frida,6683 Cassin Mountain,O'Reillyburgh,87327-9683,Ireland,6342195139,Dillan_Aufderhar@toby.name
34525564,Renner,Willow,9036 Zboncak Forge,East Brannon,05206-6750,Rwanda,6108823961,Oswald.Roob@corbin.biz
